DROP DATABASE IF EXISTS student;
CREATE DATABASE student;
USE student;

CREATE TABLE Admin (
	username CHARACTER VARYING (20),
	password_hash CHARACTER VARYING (60)
);

CREATE TABLE Player (
	player_id INTEGER,
	nfl_rank INTEGER,
	player_last CHARACTER VARYING (15),
	player_first CHARACTER VARYING (15),
	team CHARACTER VARYING (20),
	touchdowns INTEGER,
	receiving_yardage INTEGER,
	catches INTEGER,
	PRIMARY KEY (player_id)
);

CREATE TABLE Team (
	name CHARACTER VARYING (20),
	year_founded INTEGER,
	num_wins INTEGER,
	num_widereceivers INTEGER,
	PRIMARY KEY (name)
);

CREATE TABLE History (
	player_id INTEGER,
	career_touchdowns INTEGER,
	career_receiving_yardage INTEGER,
	career_catches INTEGER,
	years_played INTEGER,
	current_team CHARACTER VARYING (20),
	previous_team CHARACTER VARYING (20),
	PRIMARY KEY(player_id),
	FOREIGN KEY (player_id) REFERENCES Player(player_id) ON UPDATE CASCADE ON DELETE RESTRICT,
	FOREIGN KEY (current_team) REFERENCES Team(name) ON UPDATE CASCADE ON DELETE RESTRICT
);

CREATE TABLE Coach (
	coach_id INTEGER UNIQUE,
	team CHARACTER VARYING (20),
	first_name CHARACTER VARYING (15),
	last_name CHARACTER VARYING (15),
	PRIMARY KEY (coach_id),
	FOREIGN KEY (team) REFERENCES Team(name) ON UPDATE CASCADE ON DELETE RESTRICT
);

CREATE TABLE Experience (
	coach_id INTEGER UNIQUE,
	team CHARACTER VARYING (20),
	first_name CHARACTER VARYING (15),
	last_name CHARACTER VARYING (15),
	years_coached INTEGER,
	coach_type CHARACTER VARYING (15),
	PRIMARY KEY (coach_id),
	FOREIGN KEY (coach_id) REFERENCES Coach(coach_id) ON UPDATE CASCADE ON DELETE RESTRICT
);

INSERT INTO Player (player_id, nfl_rank, player_first, player_last, team, touchdowns, receiving_yardage, catches)
VALUES (01, 1, 'Justin', 'Jefferson', 'Vikings', 5, 1074, 68),
(02, 21, 'T.J.', 'Hockenson', 'Vikings', 5, 960, 95),
(03, 41, 'Jordan', 'Addison', 'Vikings', 10, 911, 70),
(04, 2, 'JaMarr', 'Chase', 'Bengals', 7, 1216, 100),
(05, 22, 'Tyler', 'Boyd', 'Bengals', 2, 667, 67),
(06, 42, 'Tee', 'Higgins', 'Bengals', 5, 656, 42),
(07, 3, 'Garret', 'Wilson', 'Jets', 3, 1042, 95),
(08, 23, 'Tyler', 'Conklin', 'Jets', 0, 621, 61),
(09, 43, 'Allen', 'Lazard', 'Jets', 1, 311, 23),
(10, 4, 'Davante', 'Adams', 'Raiders', 8, 1144, 103),
(11, 24, 'Jakobi', 'Myers', 'Raiders', 8, 807, 71),
(12, 44, 'Tre', 'Tucker', 'Raiders', 2, 331, 19),
(13, 5, 'Drake', 'London', 'Falcons', 2, 905, 69),
(14, 25, 'Kyle', 'Pitts', 'Falcons', 3, 667, 53),
(15, 45, 'Jonnu', 'Smith', 'Falcons', 3, 582, 50),
(16, 6, 'Amari', 'Cooper', 'Browns', 5, 1250, 72),
(17, 26, 'David', 'Njoku', 'Browns', 6, 882, 81),
(18, 46, 'Elijah', 'Moore', 'Browns', 2, 640, 59),
(19, 7, 'Nico', 'Collins', 'Texans', 8, 1297, 80),
(20, 27, 'Tank', 'Dell', 'Texans', 7, 709, 47),
(21, 47, 'Dalton', 'Schultz', 'Texans', 5, 635, 59),
(22, 8, 'Adam', 'Thielen', 'Panthers', 4, 1014, 103),
(23, 28, 'DJ', 'Chark', 'Panthers', 5, 525, 35),
(24, 48, 'Jonathan', 'Mingo', 'Panthers', 0, 418, 43),
(25, 9, 'George', 'Pickens', 'Steelers', 5, 1140, 63),
(26, 29, 'Diontae', 'Johnson', 'Steelers', 5, 717, 51),
(27, 49, 'Pat', 'Freiermuth', 'Steelers', 2, 308, 32),
(28, 10, 'Darius', 'Slayton', 'Giants', 4, 770, 50),
(29, 30, 'Darren', 'Waller', 'Giants', 1, 552, 52),
(30, 50, 'WanDale', 'Robinson', 'Giants', 1, 525, 60),
(31, 11, 'Stephon', 'Diggs', 'Bills', 8, 1183, 107),
(32, 31, 'Gabe', 'Davis', 'Bills', 7, 746, 45),
(33, 51, 'Dalton', 'Kincaid', 'Bills', 2, 673, 73),
(34, 12, 'CeeDee', 'Lamb', 'Cowboys', 12, 1749, 135),
(35, 32, 'Jake', 'Ferguson', 'Cowboys', 5, 761, 71),
(36, 52, 'Brandin', 'Cooks', 'Cowboys', 8, 657, 54),
(37, 13, 'Zay', 'Flowers', 'Ravens', 5, 858, 77),
(38, 33, 'Odell', 'Beckham', 'Ravens', 3, 565, 35),
(39, 53, 'Mark', 'Andrews', 'Ravens', 6, 544, 45),
(40, 14, 'Puka', 'Nakua', 'Rams', 6, 1486, 105),
(41, 34, 'Cooper', 'Kupp', 'Rams', 5, 737, 59),
(42, 54, 'Tyler', 'Higbee', 'Rams', 2, 495, 59),
(43, 15, 'A.J.', 'Brown', 'Eagles', 7, 1456, 106),
(44, 35, 'DeVonta', 'Smith', 'Eagles', 7, 1066, 81),
(45, 55, 'Dallas', 'Goedert', 'Eagles', 3, 592, 59),
(46, 16, 'Travis', 'Kelce', 'Chiefs', 5, 984, 93),
(47, 36, 'Rashee', 'Rice', 'Chiefs', 7, 938, 79),
(48, 56, 'Justin', 'Watson', 'Chiefs', 3, 460, 27),
(49, 17, 'Calvin', 'Ridley', 'Jaguars', 8, 1016, 76),
(50, 37, 'Evan', 'Engram', 'Jaguars', 4, 963, 114),
(51, 57, 'Christian', 'Kirk', 'Jaguars', 3, 787, 57),
(52, 18, 'Chris', 'Olave', 'Saints', 5, 1123, 87),
(53, 38, 'Rashid', 'Shaheed', 'Saints', 5, 719, 46),
(54, 58, 'Michael', 'Thomas', 'Saints', 1, 448, 39),
(55, 19, 'Michael', 'Pittman', 'Colts', 4, 1152, 109),
(56, 39, 'Josh', 'Downs', 'Colts', 2, 771, 68),
(57, 59, 'Alec', 'Pierce', 'Colts', 2, 514, 32),
(58, 20, 'DK', 'Metcalf', 'Seahawks', 8, 1114, 66),
(59, 40, 'Tyler', 'Lockett', 'Seahawks', 5, 894, 79),
(60, 60, 'Jaxon', 'Smith-Njigba', 'Seahawks', 4, 628, 63);

INSERT INTO Team (name, year_founded, num_wins, num_widereceivers)
VALUES ('Falcons', 1965, 390, 11),
('Vikings', 1961, 523, 12),
('Texans', 2002, 152, 10),
('Panthers', 1993, 223, 10),
('Giants', 1925, 721, 11),
('Raiders', 1960, 505, 9),
('Bengals', 1968, 394, 8),
('Browns', 1944, 512, 9),
('Steelers', 1933, 688, 10),
('Jets', 1959, 428, 11),
('Bills', 1959, 473, 11),
('Cowboys', 1960, 562, 13),
('Ravens', 1996, 256, 10),
('Rams', 1936, 614, 10),
('Eagles', 1933, 624, 11),
('Chiefs', 1959, 532, 10),
('Jaguars', 1993, 198, 10),
('Saints', 1967, 412, 11),
('Colts', 1953, 556, 10),
('Seahawks', 1976, 392, 10);


INSERT INTO History (player_id, career_touchdowns, career_receiving_yardage, career_catches, years_played, current_team, previous_team)
VALUES (01, 30, 1074, 392, 4, 'Vikings', 'None'),
(02, 23, 31547, 341, 6, 'Vikings', 'Lions'),
(03, 10, 911, 70, 1, 'Vikings', 'None'),
(04, 29, 3717, 268, 3, 'Bengals', 'None'),
(05, 31, 6000, 513, 8, 'Bengals', 'None'),
(06, 24, 3684, 257, 4, 'Bengals', 'None'),
(07, 7, 2145, 178, 2, 'Jets', 'None'),
(08,7, 2095, 212, 6,'Jets', 'Vikings'),
(09, 21, 2547, 192, 6, 'Jets', 'Packers'),
(10, 85, 10781, 872, 10, 'Raiders', 'Packers'),
(11, 16, 3565, 306, 5, 'Raiders', 'Patriots'),
(12, 2, 331, 19, 1, 'Raiders', 'None'),
(13, 6, 1771, 141, 2, 'Falcons', 'None'),
(14, 6, 2049, 149, 3, 'Falcons', 'None'),
(15, 20, 2423, 219, 7, 'Falcons', 'Patriots'),
(16, 60, 9486, 667, 10, 'Browns', 'Cowboys'),
(17, 25, 3264, 287, 7, 'Browns', 'None'),
(18, 8, 1624, 139, 3, 'Browns', 'Jets'),
(19, 11, 2224, 150, 3, 'Texans', 'None'),
(20, 7, 709, 47, 1, 'Texans', 'None'),
(21, 22, 2757, 270, 6, 'Texans', 'Cowboys'),
(22, 59, 7696, 637, 10, 'Panthers', 'Vikings'),
(23, 23, 3069, 212, 6, 'Panthers', 'Lions'),
(24, 0, 418, 43, 1, 'Panthers', 'None'),
(25, 9, 1941, 115, 2, 'Steelers', 'None'),
(26, 25, 4363, 391, 5, 'Steelers', 'None'),
(27, 11, 1537, 155, 3, 'Steelers', 'None'),
(28, 19, 3324, 220, 5, 'Giants', 'None'),
(29, 20, 4124, 350, 8, 'Giants', 'Raiders'),
(30, 2, 752, 83, 2, 'Giants', 'None'),
(31, 67, 9995, 810, 9, 'Bills', 'Vikings'),
(32, 27, 2730, 163, 4, 'Bills', 'None'),
(33, 2, 673, 73, 1, 'Bills', 'None'),
(34, 32, 5145, 395, 2, 'Cowboys', 'None'),
(35, 7, 935, 90, 2, 'Cowboys', 'None'),
(36, 57, 9273, 684, 10, 'Cowboys', 'Texans'),
(37, 5, 858, 77, 1, 'Ravens', 'None'),
(38, 59, 7932, 566, 10, 'Ravens', 'Rams'),
(39, 40, 4857, 8381, 6, 'Ravens', 'None'),
(40, 6, 1486, 105, 1, 'Rams', 'None'),
(41, 51, 7066, 567, 7, 'Rams', 'None'),
(42, 22, 3602, 353, 8, 'Rams', 'None'),
(43, 42, 5947, 379, 5, 'Eagles', 'Titans'),
(44, 19, 3178, 240, 3, 'Eagles', 'None'),
(45, 22, 3589, 307, 6, 'Eagles', 'None'),
(46, 74, 11328, 907, 10, 'Chiefs', 'None'),
(47, 7, 938, 79, 1, 'Chiefs', 'None'),
(48, 7, 1033, 65, 5, 'Chiefs', 'Buccaneers'),
(49, 36, 4358, 324, 5, 'Jaguars', 'Falcons'),
(50, 24, 4557, 449, 7, 'Jaguars', 'Giants'),
(51, 28, 4797, 377, 6, 'Jaguars', 'Cardinals'),
(52, 9, 2165, 159, 2, 'Saints', 'None'),
(53, 7, 1207, 74, 2, 'Saints', 'None'),
(54, 36, 6569, 565, 7, 'Saints', 'None'),
(55, 15, 3662, 336, 4, 'Colts', 'None'),
(56, 2, 771, 68, 1, 'Colts', 'None'),
(57, 4, 1107, 73, 2, 'Colts', 'None'),
(58, 43, 5332, 372, 5, 'Seahawks', 'None'),
(59, 63, 7994, 612, 9, 'Seahawks', 'None'),
(60, 4, 628, 63, 1, 'Seahawks', 'None');

INSERT INTO Coach (coach_id, team, first_name, last_name)
VALUES (01, 'Falcons', 'Raheem', 'Morris'),
(02, 'Vikings', 'Kevin', 'O''Connell'),
(03, 'Texans', 'DeMeco', 'Ryans'),
(04, 'Panthers', 'Dave', 'Canales'),
(05, 'Giants', 'Brian', 'Daboll'),
(06, 'Raiders', 'Antonio', 'Pierce'),
(07, 'Bengals', 'Zac', 'Taylor'),
(08, 'Browns', 'Kevin', 'Stefanski'),
(09, 'Steelers', 'Mike', 'Tomlin'),
(10, 'Jets', 'Robert', 'Saleh'),
(11, 'Bills', 'Sean', 'McDermott'),
(12, 'Cowboys', 'Mike', 'McCarthy'),
(13, 'Ravens', 'John', 'Harbaugh'),
(14, 'Rams', 'Sean', 'McVay'),
(15, 'Eagles', 'Nick', 'Sirianni'),
(16, 'Chiefs', 'Andy', 'Reid'),
(17, 'Jaguars', 'Doug', 'Pederson'),
(18, 'Saints', 'Sean', 'Payton'),
(19, 'Colts', 'Shane', 'Steighen'),
(20, 'Seahawks', 'Mike', 'Macdonald');

INSERT INTO Experience (coach_id, team, first_name, last_name, years_coached, coach_type)
VALUES (01, 'Falcons', 'Raheem', 'Morris', 7, 'Head Coach'),
(02, 'Vikings', 'Kevin', 'O''Connell', 2, 'Head Coach'),
(03, 'Texans', 'DeMeco', 'Ryans', 2, 'Head Coach'),
(04, 'Panthers', 'Dave', 'Canales', 1, 'Head Coach'),
(05, 'Giants', 'Brian', 'Daboll', 2, 'Head Coach'),
(06, 'Raiders', 'Antonio', 'Pierce', 1, 'Head Coach'),
(07, 'Bengals', 'Zac', 'Taylor', 5, 'Head Coach'),
(08, 'Browns', 'Kevin', 'Stefanski', 4, 'Head Coach'),
(09, 'Steelers', 'Mike', 'Tomlin', 17, 'Head Coach'),
(10, 'Jets', 'Robert', 'Saleh', 3, 'Head Coach'),
(11, 'Bills', 'Sean', 'McDermott', 18, 'Head Coach'),
(12, 'Cowboys', 'Mike', 'McCarthy', 17, 'Head Coach'),
(13, 'Ravens', 'John', 'Harbaugh', 27, 'Head Coach'),
(14, 'Rams', 'Sean', 'McVay', 11, 'Head Coach'),
(15, 'Eagles', 'Nick', 'Sirianni', 14, 'Head Coach'),
(16, 'Chiefs', 'Andy', 'Reid', 24, 'Head Coach'),
(17, 'Jaguars', 'Doug', 'Pederson', 14, 'Head Coach'),
(18, 'Saints', 'Sean', 'Payton', 25, 'Head Coach'),
(19, 'Colts', 'Shane', 'Steighen', 12, 'Head Coach'),
(20, 'Seahawks', 'Mike', 'Macdonald', 2, 'Head Coach');

INSERT INTO Admin (username, password_hash)
VALUES ('admin', '$2y$10$Vmi4XUjpIzukbIQb/UQsru03q0NP2ejzyFfRiJD7zOieXwpWcMaH2');
